,mean,std
Open,3.7332074599137965,0.9420780633887664
High,3.7525227522212816,0.9359847733299076
Low,3.713409664968191,0.9488079519189518
Close,3.7334006220448464,0.9421020673712036
Volume,12.429947365175014,0.6171944258307497
pct_chg,0.0011920176095058486,0.033642753249078595
