,mean,std
Open,3.5513448803057663,0.83644273501424
High,3.5706019944501906,0.8286201184007005
Low,3.531544542232923,0.8449312277182339
Close,3.551533282709611,0.8364630755674118
Volume,12.46063862982613,0.6220841624264467
pct_chg,0.001226462829741631,0.03421112816578608
