,mean,std
Open,3.001009191730812,0.6603054587049203
High,3.0225635618743385,0.6479208574514138
Low,2.9784848401365958,0.6733395604360908
Close,3.0012815667983794,0.6604330068513952
Volume,12.56176869231175,0.6598448669316126
pct_chg,0.0004986359873922828,0.025180223417772655
