,mean,std
Open,2.8549488397944964,0.5663620673679315
High,2.8817362144798,0.5626594070728794
Low,2.826733778193444,0.5705374166599831
Close,2.8542571484468984,0.5676207420773223
Volume,14.48744660140956,0.8280216748813854
pct_chg,-0.0013683878317739275,0.040691033571464516
