,mean,std
Open,20.140644768856447,8.696207831201487
High,20.65875912408759,8.897012030029677
Low,19.617542579075426,8.51217936886948
Close,20.13897810218978,8.705609552909264
Volume,2671179.1776155718,2932333.6347048823
