,mean,std
Open,2.989596471669967,0.4413514701947043
High,3.0153091641111534,0.4390920624746648
Low,2.9622332647792167,0.44499732901221467
Close,2.9890247537021852,0.4427608552109764
Volume,14.403539423957191,0.8277682006924411
pct_chg,-0.001685295319420495,0.03962493224452946
