,mean,std
Open,10.77044243792325,6.996267929056528
High,10.879458239277652,7.044163477098607
Low,10.644749435665913,6.939925455499124
Close,10.764261851015801,6.9919203715747456
Volume,25507072.54853273,15895522.116372202
pct_chg,0.0012695941317687426,0.022267195456637467
