,mean,std
Open,2.82513188251107,1.0435693637066246
High,2.836270358143685,1.0416789045159995
Low,2.8129045733918985,1.046352754452268
Close,2.8249569582945813,1.0440983423126482
Volume,17.119418353876423,0.6255502172874172
pct_chg,0.0012209590107610734,0.020809620566400112
