,mean,std
Open,3.0667373489704426,1.1984181474938962
High,3.07801202530194,1.1971770164680278
Low,3.054607068193359,1.2007247000747854
Close,3.0667039571775807,1.1990552410816235
Volume,17.243653501798253,0.6924112072466335
pct_chg,0.001152492142178016,0.020628246516215462
