,mean,std
Open,1.6281627663769347,0.5872629371453073
High,1.6524731269908917,0.5867548994165127
Low,1.6011776018717454,0.5878041245779506
Close,1.6262336285226369,0.5887116974674257
Volume,12.039858715459163,1.3388439500216984
pct_chg,0.0006829420251751432,0.040872813727436445
