,mean,std
Open,7.0295846501128665,3.1427357642595064
High,7.197340857787811,3.2336866120004117
Low,6.8444063205417605,3.0315214662478263
Close,7.015395033860046,3.126487738316502
Volume,736818.8528216705,1712880.6639494172
pct_chg,-6.132743486259121e-05,0.039393099447063054
