,mean,std
Open,1.679364685072098,0.5777906091857371
High,1.7033841293433123,0.576965833011166
Low,1.6529977032638001,0.5788091035534887
Close,1.6776482239686494,0.5792749949510205
Volume,12.05476146233578,1.2709668517125532
pct_chg,0.0005929709512900343,0.039836906251545845
