,mean,std
Open,2.6718863771959076,0.579124362394465
High,2.685252693891559,0.5760068725460884
Low,2.658247480826486,0.5822676700132587
Close,2.6720789270554572,0.5791609531721714
Volume,14.154551813003556,0.6741674509354398
pct_chg,0.0006379495158788141,0.023437749520921924
