,mean,std
Open,2.8289089277592914,0.7046122131443004
High,2.8418732511093845,0.7016019488686907
Low,2.8156479358591993,0.7075810967041782
Close,2.8290947349916364,0.7046139695762381
Volume,14.111069360295193,0.6735952232630072
pct_chg,0.0006260850321227996,0.022678125871103034
