,mean,std
Open,9.709945823927765,2.540863149322639
High,9.87077652370203,2.5818373380053115
Low,9.547950338600451,2.499764875532027
Close,9.70989164785553,2.5398169042184313
Volume,2421804.1706546275,1682777.891108831
pct_chg,0.00044641761653188745,0.027947451641556143
