,mean,std
Open,0.41606772009029347,0.14737947296821136
High,0.4237742663656885,0.14970408500867616
Low,0.40798645598194133,0.14386304650224363
Close,0.4158013544018059,0.14676818455702437
Volume,14554060.37020316,9031438.240637045
