,mean,std
Open,-0.09306152272890007,1.2180641213045529
High,-0.07568064956247257,1.2162630761388715
Low,-0.11115121402571614,1.2190435501569976
Close,-0.09315635432556821,1.217984245224784
Volume,16.257185737975643,0.5513305511920944
pct_chg,0.0014854199570698264,0.03197399016281373
