,mean,std
Open,0.2437939578257277,1.494692169216076
High,0.26164971685444804,1.49424088673308
Low,0.22531673226906337,1.4946563618449091
Close,0.2438708783776085,1.4949116501616153
Volume,16.375060087403007,0.6667511387491871
pct_chg,0.0014971865452147784,0.032321322138150116
