,mean,std
Open,22.79232505643341,21.595212107426757
High,23.578329571106096,22.409080345742012
Low,21.88704288939052,20.619099484800582
Close,22.679426636568845,21.46685851986164
Volume,1909571.2808126411,1865752.6821294124
pct_chg,0.00034821967036390906,0.056976457122743476
