,mean,std
Open,2.1334022408219946,1.173936049614658
High,2.1676138981554143,1.175484294683072
Low,2.0972718425061667,1.1687599568901912
Close,2.1307718447879243,1.1722883191036377
Volume,13.116538178334652,1.8445946717978359
pct_chg,0.000922297013585374,0.05616996808815231
