,mean,std
Open,2.782614840712697,0.7996588516453641
High,2.8162248895613584,0.7999591116484002
Low,2.7451571826398857,0.7955939238616556
Close,2.778731392777658,0.7982757557667362
Volume,14.009293541047048,1.032326551676939
pct_chg,0.00034821967036390906,0.056976457122743476
