,mean,std
Open,1351.278934537246,271.58091475441756
High,1359.6166817155756,270.22710804900856
Low,1342.4270067720092,272.96854810804246
Close,1351.624880361174,271.72446528561443
Volume,0.0,0.0
pct_chg,0.00028916418783071177,0.013465878983335507
