,mean,std
Open,7.188187199245856,0.2053353430902195
High,7.194859568839737,0.20251631371877787
Low,7.181059984248909,0.20828527439791478
Close,7.188436428705352,0.2053575881964518
Volume,0.0,0.0
pct_chg,0.00028916418783071177,0.013465878983335507
