,mean,std
Open,7.4638850565201595,0.3791222305090863
High,7.469875298025866,0.3775818996598476
Low,7.457410811872088,0.3806945805340252
Close,7.464080231921118,0.379076344263277
Volume,0.0,0.0
pct_chg,0.00037477626475290965,0.012728253665159582
